{
   "dashboards": [{
      "autoswitchEnabled": false,
      "columnCount": 1,
      "columnProportion": "1",
      "creationTime": 1586900311340,
      "dashboardNavigations": {},
      "description": "",
      "disabled": false,
      "gridsterMaxColumns": 12,
      "hidden": false,
      "homeTab": false,
      "id": "1a580a09-c23c-4a6a-bbbe-9af00ac677cb",
      "importAttempts": 0,
      "importComplete": true,
      "lastUpdateTime": 1588258959275,
      "lastUpdateUserId": "6df558f7-25df-4222-96b9-ade784399d19",
      "locked": false,
      "name": "Shared Dashboards (GBrandon)/Cost/Storage Tier Cost Analysis",
      "namePath": "Shared Dashboards (GBrandon)/Cost",
      "rank": 0,
      "shared": false,
      "states": [],
      "temporary": false,
      "userId": "6df558f7-25df-4222-96b9-ade784399d19",
      "widgetInteractions": [
         {
            "type": "resourceId",
            "widgetIdProvider": "7837b79c-3838-4092-abdc-7b9a04ee4c2d",
            "widgetIdReceiver": "45a33bd0-d8c9-4695-b0cf-655f970af661"
         },
         {
            "type": "resourceId",
            "widgetIdProvider": "7837b79c-3838-4092-abdc-7b9a04ee4c2d",
            "widgetIdReceiver": "6a16e717-383d-482a-b25a-6ce82e75c486"
         },
         {
            "type": "resourceId",
            "widgetIdProvider": "7837b79c-3838-4092-abdc-7b9a04ee4c2d",
            "widgetIdReceiver": "7be80c44-af8c-4473-a0c7-abf556d39292"
         },
         {
            "type": "resourceId",
            "widgetIdProvider": "6a16e717-383d-482a-b25a-6ce82e75c486",
            "widgetIdReceiver": "2b715353-eed5-4996-89a9-0df7ae252895"
         },
         {
            "type": "resourceId",
            "widgetIdProvider": "7be80c44-af8c-4473-a0c7-abf556d39292",
            "widgetIdReceiver": "2b715353-eed5-4996-89a9-0df7ae252895"
         },
         {
            "type": "resourceId",
            "widgetIdProvider": "6a16e717-383d-482a-b25a-6ce82e75c486",
            "widgetIdReceiver": "45a33bd0-d8c9-4695-b0cf-655f970af661"
         },
         {
            "type": "resourceId",
            "widgetIdProvider": "7be80c44-af8c-4473-a0c7-abf556d39292",
            "widgetIdReceiver": "45a33bd0-d8c9-4695-b0cf-655f970af661"
         },
         {
            "type": "resourceId",
            "widgetIdProvider": "7837b79c-3838-4092-abdc-7b9a04ee4c2d",
            "widgetIdReceiver": "c22fbfae-935b-4570-8637-db1c5114a9f0"
         },
         {
            "type": "resourceId",
            "widgetIdProvider": "6a16e717-383d-482a-b25a-6ce82e75c486",
            "widgetIdReceiver": "7ad1d0a1-13d2-4109-9eeb-e755d949ebb5"
         },
         {
            "type": "resourceId",
            "widgetIdProvider": "7be80c44-af8c-4473-a0c7-abf556d39292",
            "widgetIdReceiver": "7ad1d0a1-13d2-4109-9eeb-e755d949ebb5"
         },
         {
            "type": "resourceId",
            "widgetIdProvider": "7837b79c-3838-4092-abdc-7b9a04ee4c2d",
            "widgetIdReceiver": "3be7480d-660e-4019-ab03-c612ad65154b"
         },
         {
            "type": "resourceId",
            "widgetIdProvider": "3be7480d-660e-4019-ab03-c612ad65154b",
            "widgetIdReceiver": "45a33bd0-d8c9-4695-b0cf-655f970af661"
         },
         {
            "type": "resourceId",
            "widgetIdProvider": "3be7480d-660e-4019-ab03-c612ad65154b",
            "widgetIdReceiver": "2b715353-eed5-4996-89a9-0df7ae252895"
         },
         {
            "type": "resourceId",
            "widgetIdProvider": "3be7480d-660e-4019-ab03-c612ad65154b",
            "widgetIdReceiver": "7ad1d0a1-13d2-4109-9eeb-e755d949ebb5"
         },
         {
            "type": "resourceId",
            "widgetIdProvider": "6a16e717-383d-482a-b25a-6ce82e75c486",
            "widgetIdReceiver": "2b8c93bb-e9db-4392-b864-4cc1e98a3e45"
         },
         {
            "type": "resourceId",
            "widgetIdProvider": "7be80c44-af8c-4473-a0c7-abf556d39292",
            "widgetIdReceiver": "2b8c93bb-e9db-4392-b864-4cc1e98a3e45"
         },
         {
            "type": "resourceId",
            "widgetIdProvider": "3be7480d-660e-4019-ab03-c612ad65154b",
            "widgetIdReceiver": "2b8c93bb-e9db-4392-b864-4cc1e98a3e45"
         },
         {
            "type": "resourceId",
            "widgetIdProvider": "7837b79c-3838-4092-abdc-7b9a04ee4c2d",
            "widgetIdReceiver": "2b715353-eed5-4996-89a9-0df7ae252895"
         }
      ],
      "widgets": [
         {
            "collapsed": false,
            "config": {
               "additionalColumns": [
                  {
                     "boxLabel": "Datastores",
                     "metricKey": "populationGroup|populationTotalCount",
                     "metricName": "Population|Total Count",
                     "resourceKindId": "resourceKind:id:0_::_"
                  },
                  {
                     "boxLabel": "Total Cost",
                     "metricKey": "Super Metric|sm_8d091c1d-1d17-4bd5-a38c-b2ea3fee155c",
                     "metricName": "Super Metrics|Total Storage Cost (US$/Month)",
                     "resourceKindId": "resourceKind:id:0_::_"
                  },
                  {
                     "boxLabel": "Potential Savings",
                     "metricKey": "Super Metric|sm_95a85345-ef63-4ced-a0b1-56c952e651c6",
                     "metricName": "Super Metrics|Total Storage Potential Savings (US$/Month)",
                     "resourceKindId": "resourceKind:id:0_::_"
                  },
                  {
                     "boxLabel": "Total Capacity",
                     "metricKey": "Super Metric|sm_0070ea7f-6cca-4195-80a4-2c4f81c6f556",
                     "metricName": "Super Metrics|Total Storage Capacity",
                     "resourceKindId": "resourceKind:id:0_::_"
                  },
                  {
                     "boxLabel": "Capacity Used",
                     "metricKey": "Super Metric|sm_72b59a9c-0db9-4a85-8200-0f36bad4b6b7",
                     "metricName": "Super Metrics|Total Storage Used",
                     "resourceKindId": "resourceKind:id:0_::_"
                  }
               ],
               "customFilter": {
                  "excludedResources": null,
                  "filter": [],
                  "includedResources": null
               },
               "depth": 1,
               "filterMode": "tagPicker",
               "mode": "all",
               "refreshContent": {"refreshContent": false},
               "refreshInterval": 300,
               "relationshipMode": {"relationshipMode": 0},
               "resource": [],
               "selectFirstRow": {"selectFirstRow": false},
               "selfProvider": {"selfProvider": true},
               "tagFilter": {
                  "path": ["/source/kind/kind:resourceKind:id:0_::_"],
                  "value": {
                     "adapterInstance": [],
                     "adapterKind": [],
                     "bus": [],
                     "collector": [],
                     "day": [],
                     "exclaim": false,
                     "healthRange": [],
                     "kind": ["resourceKind:id:0_::_"],
                     "maintenanceSchedule": [],
                     "state": [],
                     "status": [],
                     "tag": [],
                     "tier": []
                  }
               },
               "title": "Storage Tiers"
            },
            "gridsterCoords": {
               "h": 8,
               "w": 4,
               "x": 1,
               "y": 4
            },
            "height": 438,
            "id": "7837b79c-3838-4092-abdc-7b9a04ee4c2d",
            "states": [{
               "key": "permResGrid_widget_1a580a09-c23c-4a6a-bbbe-9af00ac677cb_7837b79c-3838-4092-abdc-7b9a04ee4c2d",
               "value": "o%3Acolumns%3Da%253Ao%25253Aid%25253Ds%2525253Ah1%25255Ehidden%25253Db%2525253A1%25255Ewidth%25253Dn%2525253A100%255Eo%25253Aid%25253Ds%2525253Ah2%25255Ewidth%25253Dn%2525253A176%255Eo%25253Aid%25253Ds%2525253Ah3%25255Ehidden%25253Db%2525253A1%25255Ewidth%25253Dn%2525253A100%255Eo%25253Aid%25253Ds%2525253Ah4%25255Ehidden%25253Db%2525253A1%255Eo%25253Aid%25253Ds%2525253Ah5%25255Ehidden%25253Db%2525253A1%255Eo%25253Aid%25253Ds%2525253Ah6%25255Ehidden%25253Db%2525253A1%255Eo%25253Aid%25253Ds%2525253Ah7%25255Ehidden%25253Db%2525253A1%25255Ewidth%25253Dn%2525253A100%255Eo%25253Aid%25253Ds%2525253Ah8%25255Ehidden%25253Db%2525253A1%25255Ewidth%25253Dn%2525253A100%255Eo%25253Aid%25253Ds%2525253Ah9%25255Ehidden%25253Db%2525253A1%25255Ewidth%25253Dn%2525253A100%255Eo%25253Aid%25253Ds%2525253Ah10%25255Ehidden%25253Db%2525253A1%25255Ewidth%25253Dn%2525253A100%255Eo%25253Aid%25253Ds%2525253Ah11%25255Ehidden%25253Db%2525253A1%25255Ewidth%25253Dn%2525253A100%255Eo%25253Aid%25253Ds%2525253Ah12%25255Ehidden%25253Db%2525253A1%25255Ewidth%25253Dn%2525253A100%255Eo%25253Aid%25253Ds%2525253Ah13%25255Ehidden%25253Db%2525253A1%25255Ewidth%25253Dn%2525253A100%255Eo%25253Aid%25253Ds%2525253Ah14%25255Ehidden%25253Db%2525253A1%255Eo%25253Aid%25253Ds%2525253Ah15%25255Ehidden%25253Db%2525253A1%255Eo%25253Aid%25253Ds%2525253Ah16%25255Ehidden%25253Db%2525253A1%25255Ewidth%25253Dn%2525253A100%255Eo%25253Aid%25253Ds%2525253AresourceRating%25255Ehidden%25253Db%2525253A1%255Eo%25253Aid%25253Ds%2525253Ah18%25255Ehidden%25253Db%2525253A0%25255Ewidth%25253Dn%2525253A66%255Eo%25253Aid%25253Ds%2525253Ah19%25255Ehidden%25253Db%2525253A0%25255Ewidth%25253Dn%2525253A89%255Eo%25253Aid%25253Ds%2525253Ah20%25255Ehidden%25253Db%2525253A0%25255Ewidth%25253Dn%2525253A100%255Eo%25253Aid%25253Ds%2525253Ah21%25255Ehidden%25253Db%2525253A0%25255Ewidth%25253Dn%2525253A100%255Eo%25253Aid%25253Ds%2525253Ah22%25255Ehidden%25253Db%2525253A0%25255Ewidth%25253Dn%2525253A100%255Eo%25253Aid%25253Ds%2525253Ah23%25255Ehidden%25253Db%2525253A1%25255Ewidth%25253Dn%2525253A100%255Eo%25253Aid%25253Ds%2525253Ah24%25255Ehidden%25253Db%2525253A1%25255Ewidth%25253Dn%2525253A100%255Eo%25253Aid%25253Ds%2525253Ah25%25255Ehidden%25253Db%2525253A1%25255Ewidth%25253Dn%2525253A100%255Eo%25253Aid%25253Ds%2525253Ah26%25255Ehidden%25253Db%2525253A1%25255Ewidth%25253Dn%2525253A100%255Eo%25253Aid%25253Ds%2525253Ah27%25255Ehidden%25253Db%2525253A1%25255Ewidth%25253Dn%2525253A100%255Eo%25253Aid%25253Ds%2525253Ah28%25255Ehidden%25253Db%2525253A1%25255Ewidth%25253Dn%2525253A100%255Eo%25253Aid%25253Ds%2525253Ah29%25255Ehidden%25253Db%2525253A1%25255Ewidth%25253Dn%2525253A100%255Eo%25253Aid%25253Ds%2525253Ah30%25255Ehidden%25253Db%2525253A1%25255Ewidth%25253Dn%2525253A100%255Eo%25253Aid%25253Ds%2525253Ah31%25255Ehidden%25253Db%2525253A1%25255Ewidth%25253Dn%2525253A100%255Eo%25253Aid%25253Ds%2525253Ah32%25255Ehidden%25253Db%2525253A1%25255Ewidth%25253Dn%2525253A100%255Eo%25253Aid%25253Ds%2525253Ah33%25255Ehidden%25253Db%2525253A1%25255Ewidth%25253Dn%2525253A100%255Eo%25253Aid%25253Ds%2525253Ah34%25255Ehidden%25253Db%2525253A1%25255Ewidth%25253Dn%2525253A100%255Eo%25253Aid%25253Ds%2525253Ah35%25255Ehidden%25253Db%2525253A1%25255Ewidth%25253Dn%2525253A100%255Eo%25253Aid%25253Ds%2525253Ah36%25255Ehidden%25253Db%2525253A1%25255Ewidth%25253Dn%2525253A100%255Eo%25253Aid%25253Ds%2525253Ah37%25255Ehidden%25253Db%2525253A1%25255Ewidth%25253Dn%2525253A100%255Eo%25253Aid%25253Ds%2525253Ah38%25255Ehidden%25253Db%2525253A1%25255Ewidth%25253Dn%2525253A100%255Eo%25253Aid%25253Ds%2525253Ah39%25255Ehidden%25253Db%2525253A1%25255Ewidth%25253Dn%2525253A100%255Eo%25253Aid%25253Ds%2525253Ah40%25255Ehidden%25253Db%2525253A1%25255Ewidth%25253Dn%2525253A100%255Eo%25253Aid%25253Ds%2525253Ah41%25255Ehidden%25253Db%2525253A1%25255Ewidth%25253Dn%2525253A100%255Eo%25253Aid%25253Ds%2525253Ah42%25255Ehidden%25253Db%2525253A1%25255Ewidth%25253Dn%2525253A100%255Eo%25253Aid%25253Ds%2525253Ah43%25255Ehidden%25253Db%2525253A1%25255Ewidth%25253Dn%2525253A100%255Eo%25253Aid%25253Ds%2525253Ah44%25255Ehidden%25253Db%2525253A1%25255Ewidth%25253Dn%2525253A100%255Eo%25253Aid%25253Ds%2525253Ah45%25255Ehidden%25253Db%2525253A1%25255Ewidth%25253Dn%2525253A100%255Eo%25253Aid%25253Ds%2525253Ah46%25255Ehidden%25253Db%2525253A1%25255Ewidth%25253Dn%2525253A100%255Eo%25253Aid%25253Ds%2525253Ah47%25255Ehidden%25253Db%2525253A1%25255Ewidth%25253Dn%2525253A100"
            }],
            "title": "Storage Tiers",
            "type": "ResourceList"
         },
         {
            "collapsed": false,
            "config": {
               "customFilter": {
                  "excludedResources": null,
                  "filter": [],
                  "includedResources": null
               },
               "depth": 1,
               "metric": {
                  "mode": "resourceKind",
                  "resourceKindMetrics": [
                     {
                        "colorMethod": 2,
                        "id": "extModel11254-1",
                        "isStringMetric": false,
                        "metricKey": "Super Metric|sm_8d091c1d-1d17-4bd5-a38c-b2ea3fee155c",
                        "metricName": "Super Metrics|Total Storage Cost",
                        "metricUnitId": "currencymonth",
                        "orangeBound": null,
                        "redBound": null,
                        "resourceKindId": "resourceKind:id:0_::_",
                        "resourceKindName": "Storage Tier",
                        "unit": "US$/Month",
                        "yellowBound": null
                     },
                     {
                        "colorMethod": 2,
                        "id": "extModel25752-1",
                        "isStringMetric": false,
                        "metricKey": "Super Metric|sm_95a85345-ef63-4ced-a0b1-56c952e651c6",
                        "metricName": "Super Metrics|Total Storage Potential Savings",
                        "metricUnitId": "currencymonth",
                        "orangeBound": null,
                        "redBound": null,
                        "resourceKindId": "resourceKind:id:0_::_",
                        "resourceKindName": "Storage Tier",
                        "unit": "US$/Month",
                        "yellowBound": null
                     },
                     {
                        "colorMethod": 2,
                        "id": "extModel11254-4",
                        "isStringMetric": false,
                        "metricKey": "cost|totalCost",
                        "metricName": "Cost|Monthly Total Cost",
                        "metricUnitId": "currencymonth",
                        "orangeBound": null,
                        "redBound": null,
                        "resourceKindId": "resourceKind:id:1_::_",
                        "resourceKindName": "Datastore",
                        "unit": "US$/Month",
                        "yellowBound": null
                     },
                     {
                        "colorMethod": 2,
                        "id": "extModel10693-1",
                        "isStringMetric": false,
                        "metricKey": "reclaimable|orphaned_disk|cost",
                        "metricName": "Reclaimable|Orphaned Disks|Potential Savings",
                        "metricUnitId": "currency",
                        "orangeBound": null,
                        "redBound": null,
                        "resourceKindId": "resourceKind:id:1_::_",
                        "resourceKindName": "Datastore",
                        "unit": "US$",
                        "yellowBound": null
                     }
                  ],
                  "resourceMetrics": [],
                  "subMode": "resourceKindAll"
               },
               "refreshContent": {"refreshContent": false},
               "refreshInterval": 300,
               "relationshipMode": {"relationshipMode": 0},
               "resInteractionMode": null,
               "resource": [],
               "selfProvider": {"selfProvider": false},
               "title": "Cost of Selected Storage Tier or Datastore"
            },
            "gridsterCoords": {
               "h": 9,
               "w": 4,
               "x": 9,
               "y": 12
            },
            "height": 495,
            "id": "45a33bd0-d8c9-4695-b0cf-655f970af661",
            "states": [
               {
                  "key": "permDateRange1_permMetricChart_widget_1a580a09-c23c-4a6a-bbbe-9af00ac677cb_45a33bd0-d8c9-4695-b0cf-655f970af661",
                  "value": "s%3A%7B%22dateRange%22%3A%22last30Days%22%2C%22dateFrom%22%3Anull%2C%22dateTo%22%3Anull%2C%22timeFrom%22%3Anull%2C%22timeTo%22%3Anull%7D"
               },
               {
                  "key": "perm_toolbarVisible_widget_1a580a09-c23c-4a6a-bbbe-9af00ac677cb_45a33bd0-d8c9-4695-b0cf-655f970af661",
                  "value": "b%3A0"
               },
               {
                  "key": "permBtn_splitGraphs_permMetricChart_widget_1a580a09-c23c-4a6a-bbbe-9af00ac677cb_45a33bd0-d8c9-4695-b0cf-655f970af661",
                  "value": "b%3A0"
               },
               {
                  "key": "permBtn_zoomAllGraphs_permMetricChart_widget_1a580a09-c23c-4a6a-bbbe-9af00ac677cb_45a33bd0-d8c9-4695-b0cf-655f970af661",
                  "value": "b%3A0"
               },
               {
                  "key": "permBtn_pan_permMetricChart_widget_1a580a09-c23c-4a6a-bbbe-9af00ac677cb_45a33bd0-d8c9-4695-b0cf-655f970af661",
                  "value": "b%3A0"
               },
               {
                  "key": "permMetricChart_widget_1a580a09-c23c-4a6a-bbbe-9af00ac677cb_45a33bd0-d8c9-4695-b0cf-655f970af661",
                  "value": "o%3A"
               }
            ],
            "title": "Cost of Selected Storage Tier or Datastore",
            "type": "MetricChart"
         },
         {
            "collapsed": false,
            "config": {
               "additionalColumns": [],
               "barsCount": 10,
               "customFilter": {
                  "excludedResources": null,
                  "filter": [],
                  "includedResources": null
               },
               "depth": 10,
               "filterMode": "tagPicker",
               "filterOldMetrics": {"filterOldMetrics": false},
               "metric": {
                  "metricKey": "cost|totalCost",
                  "name": "Cost|Monthly Total Cost (US$/Month)"
               },
               "mode": "all",
               "percentileValue": null,
               "refreshContent": {"refreshContent": false},
               "refreshInterval": 300,
               "regenerationTime": 15,
               "relationshipMode": {"relationshipMode": -1},
               "resource": [],
               "resourceKind": [{"id": "resourceKind:id:1_::_"}],
               "roundDecimals": 1,
               "selfProvider": {"selfProvider": false},
               "tagFilter": null,
               "title": "Total Cost",
               "topOption": "metricsHighestUtilization"
            },
            "gridsterCoords": {
               "h": 8,
               "w": 2,
               "x": 7,
               "y": 4
            },
            "height": 438,
            "id": "6a16e717-383d-482a-b25a-6ce82e75c486",
            "states": [{
               "key": "perm_toolbarVisible_widget_1a580a09-c23c-4a6a-bbbe-9af00ac677cb_6a16e717-383d-482a-b25a-6ce82e75c486",
               "value": "b%3A0"
            }],
            "title": "Total Cost",
            "type": "ParetoAnalysis"
         },
         {
            "collapsed": false,
            "config": {
               "additionalColumns": [],
               "barsCount": 10,
               "customFilter": {
                  "excludedResources": null,
                  "filter": [],
                  "includedResources": null
               },
               "depth": 10,
               "filterMode": "tagPicker",
               "filterOldMetrics": {"filterOldMetrics": false},
               "metric": {
                  "metricKey": "capacity|usedSpacePct",
                  "name": "Capacity|Used Space (%)"
               },
               "mode": "all",
               "percentileValue": null,
               "refreshContent": {"refreshContent": false},
               "refreshInterval": 300,
               "regenerationTime": 15,
               "relationshipMode": {"relationshipMode": -1},
               "resource": [],
               "resourceKind": [{"id": "resourceKind:id:1_::_"}],
               "roundDecimals": 1,
               "selfProvider": {"selfProvider": false},
               "tagFilter": null,
               "title": "Used Space (%)",
               "topOption": "metricsHighestUtilization"
            },
            "gridsterCoords": {
               "h": 8,
               "w": 2,
               "x": 5,
               "y": 4
            },
            "height": 438,
            "id": "7be80c44-af8c-4473-a0c7-abf556d39292",
            "title": "Used Space (%)",
            "type": "ParetoAnalysis"
         },
         {
            "collapsed": false,
            "config": {
               "customFilter": {
                  "excludedResources": null,
                  "filter": [],
                  "includedResources": null
               },
               "depth": 1,
               "metric": {
                  "mode": "resourceKind",
                  "resourceKindMetrics": [
                     {
                        "colorMethod": 2,
                        "id": "extModel2188-1",
                        "isStringMetric": false,
                        "metricKey": "capacity|total_capacity",
                        "metricName": "Capacity|Total Capacity",
                        "metricUnitId": "gb",
                        "orangeBound": null,
                        "redBound": null,
                        "resourceKindId": "resourceKind:id:1_::_",
                        "resourceKindName": "Datastore",
                        "unit": "GB",
                        "yellowBound": null
                     },
                     {
                        "colorMethod": 2,
                        "id": "extModel2188-2",
                        "isStringMetric": false,
                        "metricKey": "capacity|consumer_provisioned",
                        "metricName": "Capacity|Total Provisioned Consumer Space",
                        "metricUnitId": "gb",
                        "orangeBound": null,
                        "redBound": null,
                        "resourceKindId": "resourceKind:id:1_::_",
                        "resourceKindName": "Datastore",
                        "unit": "GB",
                        "yellowBound": null
                     },
                     {
                        "colorMethod": 2,
                        "id": "extModel2188-3",
                        "isStringMetric": false,
                        "metricKey": "capacity|used_space",
                        "metricName": "Capacity|Used Space",
                        "metricUnitId": "gb",
                        "orangeBound": null,
                        "redBound": null,
                        "resourceKindId": "resourceKind:id:1_::_",
                        "resourceKindName": "Datastore",
                        "unit": "GB",
                        "yellowBound": null
                     },
                     {
                        "colorMethod": 2,
                        "id": "extModel12552-1",
                        "isStringMetric": false,
                        "metricKey": "reclaimable|orphaned_disk|diskspace",
                        "metricName": "Reclaimable|Orphaned Disks|Disk Space",
                        "metricUnitId": "gb",
                        "orangeBound": null,
                        "redBound": null,
                        "resourceKindId": "resourceKind:id:1_::_",
                        "resourceKindName": "Datastore",
                        "unit": "GB",
                        "yellowBound": null
                     },
                     {
                        "colorMethod": 2,
                        "id": "extModel6209-1",
                        "isStringMetric": false,
                        "metricKey": "Super Metric|sm_0070ea7f-6cca-4195-80a4-2c4f81c6f556",
                        "metricName": "Super Metrics|Storage Tier - Total Capacity",
                        "metricUnitId": "gb",
                        "orangeBound": null,
                        "redBound": null,
                        "resourceKindId": "resourceKind:id:0_::_",
                        "resourceKindName": "Storage Tier",
                        "unit": "GB",
                        "yellowBound": null
                     },
                     {
                        "colorMethod": 2,
                        "id": "extModel2246-1",
                        "isStringMetric": false,
                        "metricKey": "Super Metric|sm_32f38a0b-9c34-4949-ac8d-72d88f2a172d",
                        "metricName": "Super Metrics|Storage Tier - Provisioned Consumer Space",
                        "metricUnitId": "gb",
                        "orangeBound": null,
                        "redBound": null,
                        "resourceKindId": "resourceKind:id:0_::_",
                        "resourceKindName": "Storage Tier",
                        "unit": "GB",
                        "yellowBound": null
                     },
                     {
                        "colorMethod": 2,
                        "id": "extModel6209-2",
                        "isStringMetric": false,
                        "metricKey": "Super Metric|sm_72b59a9c-0db9-4a85-8200-0f36bad4b6b7",
                        "metricName": "Super Metrics|Storage Tier - Used",
                        "metricUnitId": "gb",
                        "orangeBound": null,
                        "redBound": null,
                        "resourceKindId": "resourceKind:id:0_::_",
                        "resourceKindName": "Storage Tier",
                        "unit": "GB",
                        "yellowBound": null
                     },
                     {
                        "colorMethod": 2,
                        "id": "extModel2246-2",
                        "isStringMetric": false,
                        "metricKey": "Super Metric|sm_052bdc17-2080-4fbb-a1f8-0cd564a1c6b6",
                        "metricName": "Super Metrics|Storage Tier - Reclaimable Orphaned Disk Space",
                        "metricUnitId": "gb",
                        "orangeBound": null,
                        "redBound": null,
                        "resourceKindId": "resourceKind:id:0_::_",
                        "resourceKindName": "Storage Tier",
                        "unit": "GB",
                        "yellowBound": null
                     }
                  ],
                  "resourceMetrics": [],
                  "subMode": "resourceKindAll"
               },
               "refreshContent": {"refreshContent": false},
               "refreshInterval": 300,
               "relationshipMode": {"relationshipMode": 0},
               "resInteractionMode": null,
               "resource": [],
               "selfProvider": {"selfProvider": false},
               "title": "Utilization of Selected Storage Tier or Datastore"
            },
            "gridsterCoords": {
               "h": 9,
               "w": 4,
               "x": 5,
               "y": 12
            },
            "height": 495,
            "id": "2b715353-eed5-4996-89a9-0df7ae252895",
            "states": [
               {
                  "key": "permDateRange1_permMetricChart_widget_1a580a09-c23c-4a6a-bbbe-9af00ac677cb_2b715353-eed5-4996-89a9-0df7ae252895",
                  "value": "s%3A%7B%22dateRange%22%3A%22last30Days%22%2C%22dateFrom%22%3Anull%2C%22dateTo%22%3Anull%2C%22timeFrom%22%3Anull%2C%22timeTo%22%3Anull%7D"
               },
               {
                  "key": "permMetricChart_widget_1a580a09-c23c-4a6a-bbbe-9af00ac677cb_2b715353-eed5-4996-89a9-0df7ae252895",
                  "value": "o%3A"
               },
               {
                  "key": "permBtn_pan_permMetricChart_widget_1a580a09-c23c-4a6a-bbbe-9af00ac677cb_2b715353-eed5-4996-89a9-0df7ae252895",
                  "value": "b%3A0"
               },
               {
                  "key": "permBtn_zoomAllGraphs_permMetricChart_widget_1a580a09-c23c-4a6a-bbbe-9af00ac677cb_2b715353-eed5-4996-89a9-0df7ae252895",
                  "value": "b%3A0"
               },
               {
                  "key": "permBtn_stackedGraph_permMetricChart_widget_1a580a09-c23c-4a6a-bbbe-9af00ac677cb_2b715353-eed5-4996-89a9-0df7ae252895",
                  "value": "b%3A0"
               },
               {
                  "key": "permBtn_splitGraphs_permMetricChart_widget_1a580a09-c23c-4a6a-bbbe-9af00ac677cb_2b715353-eed5-4996-89a9-0df7ae252895",
                  "value": "b%3A0"
               },
               {
                  "key": "perm_toolbarVisible_widget_1a580a09-c23c-4a6a-bbbe-9af00ac677cb_2b715353-eed5-4996-89a9-0df7ae252895",
                  "value": "b%3A0"
               }
            ],
            "title": "Utilization of Selected Storage Tier or Datastore",
            "type": "MetricChart"
         },
         {
            "collapsed": false,
            "config": {
               "chartViewItems": ["legend"],
               "isUpdatedView": true,
               "refreshContent": {"refreshContent": false},
               "refreshInterval": 300,
               "resource": null,
               "selectFirstRow": {"selectFirstRow": false},
               "selfProvider": {"selfProvider": false},
               "title": "Storage Base Rates",
               "traversalSpecId": "",
               "viewDefinitionId": "0325ab07-faa5-475d-98d2-09d3df42f6be"
            },
            "gridsterCoords": {
               "h": 8,
               "w": 2,
               "x": 11,
               "y": 4
            },
            "height": 438,
            "id": "c22fbfae-935b-4570-8637-db1c5114a9f0",
            "title": "Storage Base Rates",
            "type": "View"
         },
         {
            "collapsed": false,
            "config": {
               "customFilter": {
                  "excludedResources": null,
                  "filter": [],
                  "includedResources": null
               },
               "depth": 1,
               "metric": {
                  "mode": "resourceKind",
                  "resourceKindMetrics": [
                     {
                        "colorMethod": 1,
                        "id": "extModel19666-1",
                        "isStringMetric": true,
                        "metricKey": "config|name",
                        "metricName": "Configuration|Name",
                        "metricUnitId": null,
                        "orangeBound": null,
                        "redBound": null,
                        "resourceKindId": "resourceKind:id:1_::_",
                        "resourceKindName": "Datastore",
                        "unit": null,
                        "yellowBound": null
                     },
                     {
                        "colorMethod": 1,
                        "id": "extModel8049-13",
                        "isStringMetric": true,
                        "metricKey": "summary|parentVcenter",
                        "metricName": "Summary|Parent vCenter",
                        "metricUnitId": null,
                        "orangeBound": null,
                        "redBound": null,
                        "resourceKindId": "resourceKind:id:1_::_",
                        "resourceKindName": "Datastore",
                        "unit": null,
                        "yellowBound": null
                     },
                     {
                        "colorMethod": 1,
                        "id": "extModel8049-12",
                        "isStringMetric": true,
                        "metricKey": "summary|parentDatacenter",
                        "metricName": "Summary|Parent Datacenter",
                        "metricUnitId": null,
                        "orangeBound": null,
                        "redBound": null,
                        "resourceKindId": "resourceKind:id:1_::_",
                        "resourceKindName": "Datastore",
                        "unit": null,
                        "yellowBound": null
                     },
                     {
                        "colorMethod": 1,
                        "id": "extModel8049-15",
                        "isStringMetric": true,
                        "metricKey": "summary|type",
                        "metricName": "Summary|Type",
                        "metricUnitId": null,
                        "orangeBound": null,
                        "redBound": null,
                        "resourceKindId": "resourceKind:id:1_::_",
                        "resourceKindName": "Datastore",
                        "unit": null,
                        "yellowBound": null
                     },
                     {
                        "colorMethod": 1,
                        "id": "extModel8049-11",
                        "isStringMetric": true,
                        "metricKey": "summary|isLocal",
                        "metricName": "Summary|Is Local",
                        "metricUnitId": null,
                        "orangeBound": null,
                        "redBound": null,
                        "resourceKindId": "resourceKind:id:1_::_",
                        "resourceKindName": "Datastore",
                        "unit": null,
                        "yellowBound": null
                     },
                     {
                        "colorMethod": 1,
                        "id": "extModel8049-10",
                        "isStringMetric": false,
                        "metricKey": "datastore|hostcount",
                        "metricName": "Datastore|Host Count",
                        "metricUnitId": null,
                        "orangeBound": null,
                        "redBound": null,
                        "resourceKindId": "resourceKind:id:1_::_",
                        "resourceKindName": "Datastore",
                        "unit": null,
                        "yellowBound": null
                     },
                     {
                        "colorMethod": 1,
                        "id": "extModel8049-9",
                        "isStringMetric": false,
                        "metricKey": "summary|total_number_vms",
                        "metricName": "Summary|Total Number of VMs",
                        "metricUnitId": null,
                        "orangeBound": null,
                        "redBound": null,
                        "resourceKindId": "resourceKind:id:1_::_",
                        "resourceKindName": "Datastore",
                        "unit": null,
                        "yellowBound": null
                     },
                     {
                        "colorMethod": 1,
                        "id": "extModel8049-17",
                        "isStringMetric": true,
                        "metricKey": "summary|tag",
                        "metricName": "Summary|vSphere Tag",
                        "metricUnitId": null,
                        "orangeBound": null,
                        "redBound": null,
                        "resourceKindId": "resourceKind:id:1_::_",
                        "resourceKindName": "Datastore",
                        "unit": null,
                        "yellowBound": null
                     }
                  ],
                  "resourceMetrics": [],
                  "subMode": "resourceKindAll"
               },
               "refreshContent": {"refreshContent": false},
               "refreshInterval": 300,
               "relationshipMode": {"relationshipMode": 0},
               "resInteractionMode": null,
               "resource": [],
               "selfProvider": {"selfProvider": false},
               "showMetricFullName": {"metricFullName": false},
               "title": "Datastore Properties",
               "visualTheme": 2
            },
            "gridsterCoords": {
               "h": 9,
               "w": 2,
               "x": 1,
               "y": 12
            },
            "height": 495,
            "id": "7ad1d0a1-13d2-4109-9eeb-e755d949ebb5",
            "states": [{
               "key": "permMetricListDataGrid_metricGrid_widget_1a580a09-c23c-4a6a-bbbe-9af00ac677cb_7ad1d0a1-13d2-4109-9eeb-e755d949ebb5",
               "value": "o%3Acolumns%3Da%253Ao%25253Aid%25253Ds%2525253Ah1%25255Ehidden%25253Db%2525253A1%25255Ewidth%25253Dn%2525253A100%255Eo%25253Aid%25253Ds%2525253Ah2%255Eo%25253Aid%25253Ds%2525253Ah3%25255Ewidth%25253Dn%2525253A440%255Eo%25253Aid%25253Ds%2525253Ah4"
            }],
            "title": "Datastore Properties",
            "type": "PropertyList"
         },
         {
            "collapsed": false,
            "config": {
               "additionalColumns": [],
               "barsCount": 10,
               "customFilter": {
                  "excludedResources": null,
                  "filter": [],
                  "includedResources": null
               },
               "depth": 10,
               "filterMode": "tagPicker",
               "filterOldMetrics": {"filterOldMetrics": false},
               "metric": {
                  "metricKey": "reclaimable|orphaned_disk|cost",
                  "name": "Reclaimable|Orphaned Disks|Potential Savings (US$)"
               },
               "mode": "all",
               "percentileValue": null,
               "refreshContent": {"refreshContent": false},
               "refreshInterval": 300,
               "regenerationTime": 15,
               "relationshipMode": {"relationshipMode": -1},
               "resource": [],
               "resourceKind": [{"id": "resourceKind:id:1_::_"}],
               "roundDecimals": 1,
               "selfProvider": {"selfProvider": false},
               "tagFilter": null,
               "title": "Potential Savings",
               "topOption": "metricsHighestUtilization"
            },
            "gridsterCoords": {
               "h": 8,
               "w": 2,
               "x": 9,
               "y": 4
            },
            "height": 438,
            "id": "3be7480d-660e-4019-ab03-c612ad65154b",
            "title": "Potential Savings",
            "type": "ParetoAnalysis"
         },
         {
            "collapsed": false,
            "config": {
               "customFilter": {
                  "excludedResources": null,
                  "filter": [],
                  "includedResources": null
               },
               "depth": 1,
               "metric": {
                  "mode": "resourceKind",
                  "resourceKindMetrics": [
                     {
                        "colorMethod": 1,
                        "id": "extModel23579-1",
                        "isStringMetric": false,
                        "metricKey": "cost|totalCost",
                        "metricName": "Cost|Monthly Total Cost",
                        "metricUnitId": "currencymonth",
                        "orangeBound": null,
                        "redBound": null,
                        "resourceKindId": "resourceKind:id:1_::_",
                        "resourceKindName": "Datastore",
                        "unit": "US$/Month",
                        "yellowBound": null
                     },
                     {
                        "colorMethod": 1,
                        "id": "extModel8049-8",
                        "isStringMetric": false,
                        "metricKey": "reclaimable|orphaned_disk|cost",
                        "metricName": "Reclaimable|Orphaned Disks|Potential Savings",
                        "metricUnitId": "currency",
                        "orangeBound": null,
                        "redBound": null,
                        "resourceKindId": "resourceKind:id:1_::_",
                        "resourceKindName": "Datastore",
                        "unit": "US$",
                        "yellowBound": null
                     },
                     {
                        "colorMethod": 1,
                        "id": "extModel8049-6",
                        "isStringMetric": false,
                        "metricKey": "cost|storageRate",
                        "metricName": "Cost|Disk Space Base Rate",
                        "metricUnitId": "currencygbmonth",
                        "orangeBound": null,
                        "redBound": null,
                        "resourceKindId": "resourceKind:id:1_::_",
                        "resourceKindName": "Datastore",
                        "unit": "US$/GB/Month",
                        "yellowBound": null
                     },
                     {
                        "colorMethod": 1,
                        "id": "extModel8049-1",
                        "isStringMetric": false,
                        "metricKey": "capacity|total_capacity",
                        "metricName": "Capacity|Total Capacity",
                        "metricUnitId": "gb",
                        "orangeBound": null,
                        "redBound": null,
                        "resourceKindId": "resourceKind:id:1_::_",
                        "resourceKindName": "Datastore",
                        "unit": "GB",
                        "yellowBound": null
                     },
                     {
                        "colorMethod": 1,
                        "id": "extModel8049-2",
                        "isStringMetric": false,
                        "metricKey": "capacity|consumer_provisioned",
                        "metricName": "Capacity|Total Provisioned Consumer Space",
                        "metricUnitId": "gb",
                        "orangeBound": null,
                        "redBound": null,
                        "resourceKindId": "resourceKind:id:1_::_",
                        "resourceKindName": "Datastore",
                        "unit": "GB",
                        "yellowBound": null
                     },
                     {
                        "colorMethod": 1,
                        "id": "extModel8049-3",
                        "isStringMetric": false,
                        "metricKey": "capacity|used_space",
                        "metricName": "Capacity|Used Space",
                        "metricUnitId": "gb",
                        "orangeBound": null,
                        "redBound": null,
                        "resourceKindId": "resourceKind:id:1_::_",
                        "resourceKindName": "Datastore",
                        "unit": "GB",
                        "yellowBound": null
                     },
                     {
                        "colorMethod": 1,
                        "id": "extModel8049-5",
                        "isStringMetric": false,
                        "metricKey": "OnlineCapacityAnalytics|diskspace|total|capacityRemaining",
                        "metricName": "Capacity Analytics Generated|Disk Space|Usage|Capacity Remaining",
                        "metricUnitId": "gb",
                        "orangeBound": null,
                        "redBound": null,
                        "resourceKindId": "resourceKind:id:1_::_",
                        "resourceKindName": "Datastore",
                        "unit": "GB",
                        "yellowBound": null
                     },
                     {
                        "colorMethod": 1,
                        "id": "extModel8049-7",
                        "isStringMetric": false,
                        "metricKey": "reclaimable|orphaned_disk|diskspace",
                        "metricName": "Reclaimable|Orphaned Disks|Disk Space",
                        "metricUnitId": "gb",
                        "orangeBound": null,
                        "redBound": null,
                        "resourceKindId": "resourceKind:id:1_::_",
                        "resourceKindName": "Datastore",
                        "unit": "GB",
                        "yellowBound": null
                     },
                     {
                        "colorMethod": 1,
                        "id": "extModel8049-4",
                        "isStringMetric": false,
                        "metricKey": "OnlineCapacityAnalytics|diskspace|total|timeRemaining",
                        "metricName": "Capacity Analytics Generated|Disk Space|Usage|Time Remaining",
                        "metricUnitId": "day",
                        "orangeBound": null,
                        "redBound": null,
                        "resourceKindId": "resourceKind:id:1_::_",
                        "resourceKindName": "Datastore",
                        "unit": "Day(s)",
                        "yellowBound": null
                     }
                  ],
                  "resourceMetrics": [],
                  "subMode": "resourceKindAll"
               },
               "refreshContent": {"refreshContent": false},
               "refreshInterval": 300,
               "relationshipMode": {"relationshipMode": 0},
               "resInteractionMode": null,
               "resource": [],
               "selfProvider": {"selfProvider": false},
               "showMetricFullName": {"metricFullName": false},
               "title": "Datastore Stats",
               "visualTheme": 2
            },
            "gridsterCoords": {
               "h": 9,
               "w": 2,
               "x": 3,
               "y": 12
            },
            "height": 495,
            "id": "2b8c93bb-e9db-4392-b864-4cc1e98a3e45",
            "title": "Datastore Stats",
            "type": "PropertyList"
         },
         {
            "collapsed": false,
            "config": {
               "editorData": "<div style=\"\"><font face=\"Metropolis, arial, sans-serif\"><span style=\"font-size: 14px;\">Use this dashboard to explore storage costs by tiers.&nbsp; The cost engine in vRealize Operations allows setting storage base rates (cost per GB per month) using vSphere Tags.&nbsp; Custom groups based on the same vSphere Tags can be leveraged to provide better insight into storage cost and utilization.&nbsp; To use this dashboard, select a Storage Tier from the list to see utilization, cost, and potential savings for the entire tier.&nbsp; Select a datastore from one of the top-n views to see the details for the specific datastore.<\/span><\/font><br><\/div><div style=\"\"><font face=\"Metropolis, arial, sans-serif\"><span style=\"font-size: 14px;\"><br><\/span><\/font><\/div><div style=\"\"><span style=\"font-family: Metropolis, arial, sans-serif; font-size: 14px;\">Instructions for managing and creating Storage Tiers, refer to the documentation at&nbsp;<\/span><a href=\"https://github.com/notoriousbdg/vrops-dashboard-storage_tier_cost_analysis\" target=\"_blank\" style=\"font-family: Metropolis, arial, sans-serif; font-size: 14px;\">https://github.com/notoriousbdg/vrops-dashboard-storage_tier_cost_analysis<\/a><span style=\"font-family: Metropolis, arial, sans-serif; font-size: 14px;\">.<\/span><br><\/div>",
               "locationFile": "",
               "locationUrl": "",
               "refreshContent": {"refreshContent": false},
               "refreshInterval": 300,
               "title": "About this Dashboard",
               "titleLocalized": "About this Dashboard",
               "viewModeHTML": true
            },
            "gridsterCoords": {
               "h": 3,
               "w": 12,
               "x": 1,
               "y": 1
            },
            "height": 153,
            "id": "9ef944be-534f-43e4-82b6-88c8c2bd5e43",
            "title": "About this Dashboard",
            "type": "TextDisplay"
         }
      ]
   }],
   "entries": {"resourceKind": [
      {
         "adapterKindKey": "Container",
         "internalId": "resourceKind:id:0_::_",
         "resourceKindKey": "Storage Tier"
      },
      {
         "adapterKindKey": "VMWARE",
         "internalId": "resourceKind:id:1_::_",
         "resourceKindKey": "Datastore"
      }
   ]},
   "uuid": "ece859e6-0638-491a-a8b7-0e0a9e5c87ee"
}